"Part";"Value";"Device";"Package";"Description";"DESCRIPTION";"HEIGHT";"MANUFACTURER_NAME";"MANUFACTURER_PART_NUMBER";"MF";"MOUSER_PART_NUMBER";"MOUSER_PRICE-STOCK";"MPN";"OC_FARNELL";"OC_NEWARK";"POPULARITY";"PROD_ID";"SPICEPREFIX";"VALUE";
"+9V";"LSP10";"LSP10";"LSP10";"SOLDER PAD drill 1.0 mm, distributor Buerklin, 12H555";"";"";"";"";"";"";"";"";"";"";"";"";"";"";
"C1";"100n";"C-EUC0805";"C0805";"CAPACITOR, European symbol";"";"";"";"";"";"";"";"";"";"";"";"";"C";"";
"C2";"15n";"C-EUC0805";"C0805";"CAPACITOR, European symbol";"";"";"";"";"";"";"";"";"";"";"";"";"C";"";
"C3";"100n";"C-EUC0805";"C0805";"CAPACITOR, European symbol";"";"";"";"";"";"";"";"";"";"";"";"";"C";"";
"C4";"47u";"C-EUC0805";"C0805";"CAPACITOR, European symbol";"";"";"";"";"";"";"";"";"";"";"";"";"C";"";
"C5";"100n";"C-EUC0805";"C0805";"CAPACITOR, European symbol";"";"";"";"";"";"";"";"";"";"";"";"";"C";"";
"C6";"100n";"C-EUC0805";"C0805";"CAPACITOR, European symbol";"";"";"";"";"";"";"";"";"";"";"";"";"C";"";
"C7";"2n2";"C-EUC0805";"C0805";"CAPACITOR, European symbol";"";"";"";"";"";"";"";"";"";"";"";"";"C";"";
"C8";"100n";"C-EUC0805";"C0805";"CAPACITOR, European symbol";"";"";"";"";"";"";"";"";"";"";"";"";"C";"";
"C9";"100n";"C-EUC0805";"C0805";"CAPACITOR, European symbol";"";"";"";"";"";"";"";"";"";"";"";"";"C";"";
"C10";"10n";"C-EUC0805";"C0805";"CAPACITOR, European symbol";"";"";"";"";"";"";"";"";"";"";"";"";"C";"";
"C11";"10n";"C-EUC0805";"C0805";"CAPACITOR, European symbol";"";"";"";"";"";"";"";"";"";"";"";"";"C";"";
"C12";"100n";"C-EUC0805";"C0805";"CAPACITOR, European symbol";"";"";"";"";"";"";"";"";"";"";"";"";"C";"";
"C13";"47u";"C-EUC0805";"C0805";"CAPACITOR, European symbol";"";"";"";"";"";"";"";"";"";"";"";"";"C";"";
"C14";"100n";"C-EUC0805";"C0805";"CAPACITOR, European symbol";"";"";"";"";"";"";"";"";"";"";"";"";"C";"";
"C15";"100n";"C-EUC0805";"C0805";"CAPACITOR, European symbol";"";"";"";"";"";"";"";"";"";"";"";"";"C";"";
"C16";"1u";"C-EUC0805";"C0805";"CAPACITOR, European symbol";"";"";"";"";"";"";"";"";"";"";"";"";"C";"";
"C17";"1n";"C-EUC0805";"C0805";"CAPACITOR, European symbol";"";"";"";"";"";"";"";"";"";"";"";"";"C";"";
"C18";"100n";"C-EUC0805";"C0805";"CAPACITOR, European symbol";"";"";"";"";"";"";"";"";"";"";"";"";"C";"";
"C19";"100n";"C-EUC0805";"C0805";"CAPACITOR, European symbol";"";"";"";"";"";"";"";"";"";"";"";"";"C";"";
"C20";"1u";"C-EUC0805";"C0805";"CAPACITOR, European symbol";"";"";"";"";"";"";"";"";"";"";"";"";"C";"";
"C21";"10n";"C-EUC0805";"C0805";"CAPACITOR, European symbol";"";"";"";"";"";"";"";"";"";"";"";"";"C";"";
"C22";"2n2";"C-EUC0805";"C0805";"CAPACITOR, European symbol";"";"";"";"";"";"";"";"";"";"";"";"";"C";"";
"C23";"100n";"C-EUC0805";"C0805";"CAPACITOR, European symbol";"";"";"";"";"";"";"";"";"";"";"";"";"C";"";
"C24";"10u";"C-EUC0805";"C0805";"CAPACITOR, European symbol";"";"";"";"";"";"";"";"";"";"";"";"";"C";"";
"C25";"47n";"C-EUC0805";"C0805";"CAPACITOR, European symbol";"";"";"";"";"";"";"";"";"";"";"";"";"C";"";
"C26";"10u";"C-EUC0805";"C0805";"CAPACITOR, European symbol";"";"";"";"";"";"";"";"";"";"";"";"";"C";"";
"C27";"1n";"C-EUC0805";"C0805";"CAPACITOR, European symbol";"";"";"";"";"";"";"";"";"";"";"";"";"C";"";
"C28";"10u";"C-EUC0805";"C0805";"CAPACITOR, European symbol";"";"";"";"";"";"";"";"";"";"";"";"";"C";"";
"C29";"100u";"CPOL-USE2.5-6";"E2,5-6";"POLARIZED CAPACITOR, American symbol";"";"";"";"";"";"";"";"";"";"";"";"";"C";"";
"C30";"10u";"CPOL-USE2.5-6";"E2,5-6";"POLARIZED CAPACITOR, American symbol";"";"";"";"";"";"";"";"";"";"";"";"";"C";"";
"C31";"100u";"CPOL-USE2.5-6";"E2,5-6";"POLARIZED CAPACITOR, American symbol";"";"";"";"";"";"";"";"";"";"";"";"";"C";"";
"C32";"1u";"C-EUC0805";"C0805";"CAPACITOR, European symbol";"";"";"";"";"";"";"";"";"";"";"";"";"C";"";
"C33";"1u";"C-EUC0805";"C0805";"CAPACITOR, European symbol";"";"";"";"";"";"";"";"";"";"";"";"";"C";"";
"C34";"1u";"C-EUC0805";"C0805";"CAPACITOR, European symbol";"";"";"";"";"";"";"";"";"";"";"";"";"C";"";
"C35";"470n";"C-EUC0805";"C0805";"CAPACITOR, European symbol";"";"";"";"";"";"";"";"";"";"";"";"";"C";"";
"C36";"470n";"C-EUC0805";"C0805";"CAPACITOR, European symbol";"";"";"";"";"";"";"";"";"";"";"";"";"C";"";
"C37";"100n";"C-EUC0805";"C0805";"CAPACITOR, European symbol";"";"";"";"";"";"";"";"";"";"";"";"";"C";"";
"C38";"15n";"C-EUC0805";"C0805";"CAPACITOR, European symbol";"";"";"";"";"";"";"";"";"";"";"";"";"C";"";
"C39";"100n";"C-EUC0805";"C0805";"CAPACITOR, European symbol";"";"";"";"";"";"";"";"";"";"";"";"";"C";"";
"C40";"47u";"C-EUC0805";"C0805";"CAPACITOR, European symbol";"";"";"";"";"";"";"";"";"";"";"";"";"C";"";
"C41";"100n";"C-EUC0805";"C0805";"CAPACITOR, European symbol";"";"";"";"";"";"";"";"";"";"";"";"";"C";"";
"C42";"100n";"C-EUC0805";"C0805";"CAPACITOR, European symbol";"";"";"";"";"";"";"";"";"";"";"";"";"C";"";
"C43";"2n2";"C-EUC0805";"C0805";"CAPACITOR, European symbol";"";"";"";"";"";"";"";"";"";"";"";"";"C";"";
"C44";"100n";"C-EUC0805";"C0805";"CAPACITOR, European symbol";"";"";"";"";"";"";"";"";"";"";"";"";"C";"";
"C45";"100n";"C-EUC0805";"C0805";"CAPACITOR, European symbol";"";"";"";"";"";"";"";"";"";"";"";"";"C";"";
"C46";"10n";"C-EUC0805";"C0805";"CAPACITOR, European symbol";"";"";"";"";"";"";"";"";"";"";"";"";"C";"";
"C47";"10n";"C-EUC0805";"C0805";"CAPACITOR, European symbol";"";"";"";"";"";"";"";"";"";"";"";"";"C";"";
"C48";"100n";"C-EUC0805";"C0805";"CAPACITOR, European symbol";"";"";"";"";"";"";"";"";"";"";"";"";"C";"";
"C49";"47u";"C-EUC0805";"C0805";"CAPACITOR, European symbol";"";"";"";"";"";"";"";"";"";"";"";"";"C";"";
"C50";"100n";"C-EUC0805";"C0805";"CAPACITOR, European symbol";"";"";"";"";"";"";"";"";"";"";"";"";"C";"";
"C51";"100n";"C-EUC0805";"C0805";"CAPACITOR, European symbol";"";"";"";"";"";"";"";"";"";"";"";"";"C";"";
"C52";"1u";"C-EUC0805";"C0805";"CAPACITOR, European symbol";"";"";"";"";"";"";"";"";"";"";"";"";"C";"";
"C53";"1n";"C-EUC0805";"C0805";"CAPACITOR, European symbol";"";"";"";"";"";"";"";"";"";"";"";"";"C";"";
"C54";"100n";"C-EUC0805";"C0805";"CAPACITOR, European symbol";"";"";"";"";"";"";"";"";"";"";"";"";"C";"";
"C55";"100n";"C-EUC0805";"C0805";"CAPACITOR, European symbol";"";"";"";"";"";"";"";"";"";"";"";"";"C";"";
"C56";"1u";"C-EUC0805";"C0805";"CAPACITOR, European symbol";"";"";"";"";"";"";"";"";"";"";"";"";"C";"";
"C57";"10n";"C-EUC0805";"C0805";"CAPACITOR, European symbol";"";"";"";"";"";"";"";"";"";"";"";"";"C";"";
"C58";"2n2";"C-EUC0805";"C0805";"CAPACITOR, European symbol";"";"";"";"";"";"";"";"";"";"";"";"";"C";"";
"C59";"100n";"C-EUC0805";"C0805";"CAPACITOR, European symbol";"";"";"";"";"";"";"";"";"";"";"";"";"C";"";
"C60";"10u";"C-EUC0805";"C0805";"CAPACITOR, European symbol";"";"";"";"";"";"";"";"";"";"";"";"";"C";"";
"C61";"47n";"C-EUC0805";"C0805";"CAPACITOR, European symbol";"";"";"";"";"";"";"";"";"";"";"";"";"C";"";
"C62";"10u";"C-EUC0805";"C0805";"CAPACITOR, European symbol";"";"";"";"";"";"";"";"";"";"";"";"";"C";"";
"C63";"1n";"C-EUC0805";"C0805";"CAPACITOR, European symbol";"";"";"";"";"";"";"";"";"";"";"";"";"C";"";
"C64";"10u";"C-EUC0805";"C0805";"CAPACITOR, European symbol";"";"";"";"";"";"";"";"";"";"";"";"";"C";"";
"C65";"470n";"C-EUC0805";"C0805";"CAPACITOR, European symbol";"";"";"";"";"";"";"";"";"";"";"";"";"C";"";
"C66";"1u";"C-EUC0805";"C0805";"CAPACITOR, European symbol";"";"";"";"";"";"";"";"";"";"";"";"";"C";"";
"C67";"1u";"C-EUC0805";"C0805";"CAPACITOR, European symbol";"";"";"";"";"";"";"";"";"";"";"";"";"C";"";
"C68";"1u";"C-EUC0805";"C0805";"CAPACITOR, European symbol";"";"";"";"";"";"";"";"";"";"";"";"";"C";"";
"C69";"470n";"C-EUC0805";"C0805";"CAPACITOR, European symbol";"";"";"";"";"";"";"";"";"";"";"";"";"C";"";
"C70";"10u";"C-EUC0805";"C0805";"CAPACITOR, European symbol";"";"";"";"";"";"";"";"";"";"";"";"";"C";"";
"C71";"1u";"C-EUC0805";"C0805";"CAPACITOR, European symbol";"";"";"";"";"";"";"";"";"";"";"";"";"C";"";
"C72";"470n";"C-EUC0805";"C0805";"CAPACITOR, European symbol";"";"";"";"";"";"";"";"";"";"";"";"";"C";"";
"C73";"470n";"C-EUC0805";"C0805";"CAPACITOR, European symbol";"";"";"";"";"";"";"";"";"";"";"";"";"C";"";
"D1";"LED.3";"LED.3";"3MM_2";"LEDs, all sizes";"";"";"";"";"";"";"";"";"";"";"";"";"";"";
"D2";"";"DO41.3";"DO41-3";"1N400x, 1N5817";"";"";"";"";"";"";"";"";"";"";"";"";"";"";
"D3";"1N4148W-13-F";"1N4148W-13-F";"SOD3716X145N";"Diode Switching 100V 0.15A 2Pin SOD123 Diodes Inc 1N4148W-13-F Switching Diode, 300mA 100V, 2-Pin SOD-123";"Diode Switching 100V 0.15A 2Pin SOD123 Diodes Inc 1N4148W-13-F Switching Diode, 300mA 100V, 2-Pin SOD-123";"1.45mm";"Diodes Inc.";"1N4148W-13-F";"";"621-1N4148W-13-F";"https://www.mouser.co.uk/ProductDetail/Diodes-Incorporated/1N4148W-13-F?qs=rGAXPo9uwV24ebUy2vYvsA%3D%3D";"";"";"";"";"";"";"";
"D4";"1N4148W-13-F";"1N4148W-13-F";"SOD3716X145N";"Diode Switching 100V 0.15A 2Pin SOD123 Diodes Inc 1N4148W-13-F Switching Diode, 300mA 100V, 2-Pin SOD-123";"Diode Switching 100V 0.15A 2Pin SOD123 Diodes Inc 1N4148W-13-F Switching Diode, 300mA 100V, 2-Pin SOD-123";"1.45mm";"Diodes Inc.";"1N4148W-13-F";"";"621-1N4148W-13-F";"https://www.mouser.co.uk/ProductDetail/Diodes-Incorporated/1N4148W-13-F?qs=rGAXPo9uwV24ebUy2vYvsA%3D%3D";"";"";"";"";"";"";"";
"GND";"LSP10";"LSP10";"LSP10";"SOLDER PAD drill 1.0 mm, distributor Buerklin, 12H555";"";"";"";"";"";"";"";"";"";"";"";"";"";"";
"GND_IN";"LSP10";"LSP10";"LSP10";"SOLDER PAD drill 1.0 mm, distributor Buerklin, 12H555";"";"";"";"";"";"";"";"";"";"";"";"";"";"";
"GND_OUT";"LSP10";"LSP10";"LSP10";"SOLDER PAD drill 1.0 mm, distributor Buerklin, 12H555";"";"";"";"";"";"";"";"";"";"";"";"";"";"";
"IC1";"TL072D";"TL072D";"SO08";"OP AMP";"";"";"";"";"";"";"";"";"";"";"";"";"";"";
"IC2";"";"DIP16_SMD.1";"SO16";"Generic 16-pin DIP";"";"";"";"";"";"";"";"";"";"";"";"";"";"";
"IC3";"";"DIP16_SMD.1";"SO16";"Generic 16-pin DIP";"";"";"";"";"";"";"";"";"";"";"";"";"";"";
"IC5";"TL072D";"TL072D";"SO08";"OP AMP";"";"";"";"";"";"";"";"";"";"";"";"";"";"";
"IC6";"";"DIP16_SMD.1";"SO16";"Generic 16-pin DIP";"";"";"";"";"";"";"";"";"";"";"";"";"";"";
"IC7";"";"DIP16_SMD.1";"SO16";"Generic 16-pin DIP";"";"";"";"";"";"";"";"";"";"";"";"";"";"";
"IC8";"LM78M05CDTX_NOPB";"LM78M05CDTX_NOPB";"LM78M05CDTXNOPB";"Series 3-Terminal 500-mA Positive Voltage Regulators";"Series 3-Terminal 500-mA Positive Voltage Regulators";"2.55mm";"Texas Instruments";"LM78M05CDTX/NOPB";"";"926-LM78M05CDTX/NOPB";"https://www.mouser.co.uk/ProductDetail/Texas-Instruments/LM78M05CDTX-NOPB?qs=QbsRYf82W3EiU0JYWOMfbg%3D%3D";"";"";"";"";"";"";"";
"INL";"LSP10";"LSP10";"LSP10";"SOLDER PAD drill 1.0 mm, distributor Buerklin, 12H555";"";"";"";"";"";"";"";"";"";"";"";"";"";"";
"INR";"LSP10";"LSP10";"LSP10";"SOLDER PAD drill 1.0 mm, distributor Buerklin, 12H555";"";"";"";"";"";"";"";"";"";"";"";"";"";"";
"K1";"NA";"NA";"NA";"RELAY";"";"";"";"";"";"";"";"";"unknown";"unknown";"";"";"";"";
"K2";"NA";"NA";"NA";"RELAY";"";"";"";"";"";"";"";"";"unknown";"unknown";"";"";"";"";
"L";"LSP10";"LSP10";"LSP10";"SOLDER PAD drill 1.0 mm, distributor Buerklin, 12H555";"";"";"";"";"";"";"";"";"";"";"";"";"";"";
"LED";"LSP10";"LSP10";"LSP10";"SOLDER PAD drill 1.0 mm, distributor Buerklin, 12H555";"";"";"";"";"";"";"";"";"";"";"";"";"";"";
"LED1";"";"LEDCHIPLED_1206";"CHIPLED_1206";"LED";"";"";"";"";"";"";"";"";"";"";"28";"";"";"";
"LED2";"";"LEDCHIPLED_1206";"CHIPLED_1206";"LED";"";"";"";"";"";"";"";"";"";"";"28";"";"";"";
"LED3";"";"LEDCHIPLED_1206";"CHIPLED_1206";"LED";"";"";"";"";"";"";"";"";"";"";"28";"";"";"";
"LED4";"";"LEDCHIPLED_1206";"CHIPLED_1206";"LED";"";"";"";"";"";"";"";"";"";"";"28";"";"";"";
"MIX";"50kB";"DUALGANG.2";"16MM_DUALGANG";"Dual-Gan Potentiometers";"";"";"";"";"";"";"";"";"";"";"";"";"";"";
"OUTL";"LSP10";"LSP10";"LSP10";"SOLDER PAD drill 1.0 mm, distributor Buerklin, 12H555";"";"";"";"";"";"";"";"";"";"";"";"";"";"";
"OUTR";"LSP10";"LSP10";"LSP10";"SOLDER PAD drill 1.0 mm, distributor Buerklin, 12H555";"";"";"";"";"";"";"";"";"";"";"";"";"";"";
"Q1";"BC849";"TRANS_NPN-MMBT2222AL";"SOT23-3";"NPN transistor";"";"";"";"";"";"";"";"";"";"";"";"TRANS-08049";"";"600mA/40V";
"Q2";"BC849";"TRANS_NPN-MMBT2222AL";"SOT23-3";"NPN transistor";"";"";"";"";"";"";"";"";"";"";"";"TRANS-08049";"";"600mA/40V";
"R";"LSP10";"LSP10";"LSP10";"SOLDER PAD drill 1.0 mm, distributor Buerklin, 12H555";"";"";"";"";"";"";"";"";"";"";"";"";"";"";
"R1";"100R";"R-US_R0805";"R0805";"RESISTOR, American symbol";"";"";"";"";"";"";"";"";"";"";"";"";"R";"";
"R2";"1M";"R-US_R0805";"R0805";"RESISTOR, American symbol";"";"";"";"";"";"";"";"";"";"";"";"";"R";"";
"R3";"10k";"R-US_R0805";"R0805";"RESISTOR, American symbol";"";"";"";"";"";"";"";"";"";"";"";"";"R";"";
"R4";"4k7";"R-US_R0805";"R0805";"RESISTOR, American symbol";"";"";"";"";"";"";"";"";"";"";"";"";"R";"";
"R5";"10k";"R-US_R0805";"R0805";"RESISTOR, American symbol";"";"";"";"";"";"";"";"";"";"";"";"";"R";"";
"R6";"15k";"R-US_R0805";"R0805";"RESISTOR, American symbol";"";"";"";"";"";"";"";"";"";"";"";"";"R";"";
"R7";"15k";"R-US_R0805";"R0805";"RESISTOR, American symbol";"";"";"";"";"";"";"";"";"";"";"";"";"R";"";
"R8";"15k";"R-US_R0805";"R0805";"RESISTOR, American symbol";"";"";"";"";"";"";"";"";"";"";"";"";"R";"";
"R9";"10k";"R-US_R0805";"R0805";"RESISTOR, American symbol";"";"";"";"";"";"";"";"";"";"";"";"";"R";"";
"R10";"8k2";"R-US_R0805";"R0805";"RESISTOR, American symbol";"";"";"";"";"";"";"";"";"";"";"";"";"R";"";
"R11";"10k";"R-US_R0805";"R0805";"RESISTOR, American symbol";"";"";"";"";"";"";"";"";"";"";"";"";"R";"";
"R12";"15k";"R-US_R0805";"R0805";"RESISTOR, American symbol";"";"";"";"";"";"";"";"";"";"";"";"";"R";"";
"R13";"10k";"R-US_R0805";"R0805";"RESISTOR, American symbol";"";"";"";"";"";"";"";"";"";"";"";"";"R";"";
"R14";"10k";"R-US_R0805";"R0805";"RESISTOR, American symbol";"";"";"";"";"";"";"";"";"";"";"";"";"R";"";
"R15";"10k";"R-US_R0805";"R0805";"RESISTOR, American symbol";"";"";"";"";"";"";"";"";"";"";"";"";"R";"";
"R16";"4k7";"R-US_R0805";"R0805";"RESISTOR, American symbol";"";"";"";"";"";"";"";"";"";"";"";"";"R";"";
"R17";"22k";"R-US_R0805";"R0805";"RESISTOR, American symbol";"";"";"";"";"";"";"";"";"";"";"";"";"R";"";
"R18";"10k";"R-US_R0805";"R0805";"RESISTOR, American symbol";"";"";"";"";"";"";"";"";"";"";"";"";"R";"";
"R19";"10k";"R-US_R0805";"R0805";"RESISTOR, American symbol";"";"";"";"";"";"";"";"";"";"";"";"";"R";"";
"R20";"10k";"R-US_R0805";"R0805";"RESISTOR, American symbol";"";"";"";"";"";"";"";"";"";"";"";"";"R";"";
"R21";"100R";"R-US_R0805";"R0805";"RESISTOR, American symbol";"";"";"";"";"";"";"";"";"";"";"";"";"R";"";
"R22";"100k";"R-US_R0805";"R0805";"RESISTOR, American symbol";"";"";"";"";"";"";"";"";"";"";"";"";"R";"";
"R23";"RLED";"R-US_R0805";"R0805";"RESISTOR, American symbol";"";"";"";"";"";"";"";"";"";"";"";"";"R";"";
"R24";"10k";"R-US_R0805";"R0805";"RESISTOR, American symbol";"";"";"";"";"";"";"";"";"";"";"";"";"R";"";
"R25";"10k";"R-US_R0805";"R0805";"RESISTOR, American symbol";"";"";"";"";"";"";"";"";"";"";"";"";"R";"";
"R26";"10k";"R-US_R0805";"R0805";"RESISTOR, American symbol";"";"";"";"";"";"";"";"";"";"";"";"";"R";"";
"R27";"2M2";"R-US_R0805";"R0805";"RESISTOR, American symbol";"";"";"";"";"";"";"";"";"";"";"";"";"R";"";
"R28";"15k";"R-US_R0805";"R0805";"RESISTOR, American symbol";"";"";"";"";"";"";"";"";"";"";"";"";"R";"";
"R29";"100k";"R-US_R0805";"R0805";"RESISTOR, American symbol";"";"";"";"";"";"";"";"";"";"";"";"";"R";"";
"R30";"680k";"R-US_R0805";"R0805";"RESISTOR, American symbol";"";"";"";"";"";"";"";"";"";"";"";"";"R";"";
"R31";"15k";"R-US_R0805";"R0805";"RESISTOR, American symbol";"";"";"";"";"";"";"";"";"";"";"";"";"R";"";
"R32";"10k";"R-US_R0805";"R0805";"RESISTOR, American symbol";"";"";"";"";"";"";"";"";"";"";"";"";"R";"";
"R33";"100R";"R-US_R0805";"R0805";"RESISTOR, American symbol";"";"";"";"";"";"";"";"";"";"";"";"";"R";"";
"R34";"1M";"R-US_R0805";"R0805";"RESISTOR, American symbol";"";"";"";"";"";"";"";"";"";"";"";"";"R";"";
"R35";"10k";"R-US_R0805";"R0805";"RESISTOR, American symbol";"";"";"";"";"";"";"";"";"";"";"";"";"R";"";
"R36";"3k9";"R-US_R0805";"R0805";"RESISTOR, American symbol";"";"";"";"";"";"";"";"";"";"";"";"";"R";"";
"R37";"10k";"R-US_R0805";"R0805";"RESISTOR, American symbol";"";"";"";"";"";"";"";"";"";"";"";"";"R";"";
"R38";"15k";"R-US_R0805";"R0805";"RESISTOR, American symbol";"";"";"";"";"";"";"";"";"";"";"";"";"R";"";
"R39";"15k";"R-US_R0805";"R0805";"RESISTOR, American symbol";"";"";"";"";"";"";"";"";"";"";"";"";"R";"";
"R40";"15k";"R-US_R0805";"R0805";"RESISTOR, American symbol";"";"";"";"";"";"";"";"";"";"";"";"";"R";"";
"R41";"10k";"R-US_R0805";"R0805";"RESISTOR, American symbol";"";"";"";"";"";"";"";"";"";"";"";"";"R";"";
"R42";"8k2";"R-US_R0805";"R0805";"RESISTOR, American symbol";"";"";"";"";"";"";"";"";"";"";"";"";"R";"";
"R43";"10k";"R-US_R0805";"R0805";"RESISTOR, American symbol";"";"";"";"";"";"";"";"";"";"";"";"";"R";"";
"R44";"15k";"R-US_R0805";"R0805";"RESISTOR, American symbol";"";"";"";"";"";"";"";"";"";"";"";"";"R";"";
"R45";"10k";"R-US_R0805";"R0805";"RESISTOR, American symbol";"";"";"";"";"";"";"";"";"";"";"";"";"R";"";
"R46";"10k";"R-US_R0805";"R0805";"RESISTOR, American symbol";"";"";"";"";"";"";"";"";"";"";"";"";"R";"";
"R47";"10k";"R-US_R0805";"R0805";"RESISTOR, American symbol";"";"";"";"";"";"";"";"";"";"";"";"";"R";"";
"R48";"4k7";"R-US_R0805";"R0805";"RESISTOR, American symbol";"";"";"";"";"";"";"";"";"";"";"";"";"R";"";
"R49";"22k";"R-US_R0805";"R0805";"RESISTOR, American symbol";"";"";"";"";"";"";"";"";"";"";"";"";"R";"";
"R50";"10k";"R-US_R0805";"R0805";"RESISTOR, American symbol";"";"";"";"";"";"";"";"";"";"";"";"";"R";"";
"R51";"10k";"R-US_R0805";"R0805";"RESISTOR, American symbol";"";"";"";"";"";"";"";"";"";"";"";"";"R";"";
"R52";"10k";"R-US_R0805";"R0805";"RESISTOR, American symbol";"";"";"";"";"";"";"";"";"";"";"";"";"R";"";
"R53";"100R";"R-US_R0805";"R0805";"RESISTOR, American symbol";"";"";"";"";"";"";"";"";"";"";"";"";"R";"";
"R54";"100k";"R-US_R0805";"R0805";"RESISTOR, American symbol";"";"";"";"";"";"";"";"";"";"";"";"";"R";"";
"R55";"8k2";"R-US_R0805";"R0805";"RESISTOR, American symbol";"";"";"";"";"";"";"";"";"";"";"";"";"R";"";
"R56";"10k";"R-US_R0805";"R0805";"RESISTOR, American symbol";"";"";"";"";"";"";"";"";"";"";"";"";"R";"";
"R57";"2M2";"R-US_R0805";"R0805";"RESISTOR, American symbol";"";"";"";"";"";"";"";"";"";"";"";"";"R";"";
"R58";"15k";"R-US_R0805";"R0805";"RESISTOR, American symbol";"";"";"";"";"";"";"";"";"";"";"";"";"R";"";
"R59";"68k";"R-US_R0805";"R0805";"RESISTOR, American symbol";"";"";"";"";"";"";"";"";"";"";"";"";"R";"";
"R60";"680k";"R-US_R0805";"R0805";"RESISTOR, American symbol";"";"";"";"";"";"";"";"";"";"";"";"";"R";"";
"R61";"18k";"R-US_R0805";"R0805";"RESISTOR, American symbol";"";"";"";"";"";"";"";"";"";"";"";"";"R";"";
"R62";"47k";"R-US_R0805";"R0805";"RESISTOR, American symbol";"";"";"";"";"";"";"";"";"";"";"";"";"R";"";
"R63";"10k";"R-US_R0805";"R0805";"RESISTOR, American symbol";"";"";"";"";"";"";"";"";"";"";"";"";"R";"";
"R64";"47k";"R-US_R0805";"R0805";"RESISTOR, American symbol";"";"";"";"";"";"";"";"";"";"";"";"";"R";"";
"R65";"10k";"R-US_R0805";"R0805";"RESISTOR, American symbol";"";"";"";"";"";"";"";"";"";"";"";"";"R";"";
"R66";"68k";"R-US_R0805";"R0805";"RESISTOR, American symbol";"";"";"";"";"";"";"";"";"";"";"";"";"R";"";
"R67";"68k";"R-US_R0805";"R0805";"RESISTOR, American symbol";"";"";"";"";"";"";"";"";"";"";"";"";"R";"";
"R68";"68k";"R-US_R0805";"R0805";"RESISTOR, American symbol";"";"";"";"";"";"";"";"";"";"";"";"";"R";"";
"R69";"68k";"R-US_R0805";"R0805";"RESISTOR, American symbol";"";"";"";"";"";"";"";"";"";"";"";"";"R";"";
"R_SRC";"LSP10";"LSP10";"LSP10";"SOLDER PAD drill 1.0 mm, distributor Buerklin, 12H555";"";"";"";"";"";"";"";"";"";"";"";"";"";"";
"SW";"LSP10";"LSP10";"LSP10";"SOLDER PAD drill 1.0 mm, distributor Buerklin, 12H555";"";"";"";"";"";"";"";"";"";"";"";"";"";"";
"SWB_1";"LSP10";"LSP10";"LSP10";"SOLDER PAD drill 1.0 mm, distributor Buerklin, 12H555";"";"";"";"";"";"";"";"";"";"";"";"";"";"";
"SWB_2";"LSP10";"LSP10";"LSP10";"SOLDER PAD drill 1.0 mm, distributor Buerklin, 12H555";"";"";"";"";"";"";"";"";"";"";"";"";"";"";
