"Qty";"Value";"Device";"Package";"Parts";"Description";"DESCRIPTION";"HEIGHT";"MANUFACTURER_NAME";"MANUFACTURER_PART_NUMBER";"MF";"MOUSER_PART_NUMBER";"MOUSER_PRICE-STOCK";"MPN";"OC_FARNELL";"OC_NEWARK";"POPULARITY";"PROD_ID";"SPICEPREFIX";"VALUE";
"4";"";"DIP16_SMD.1";"SO16";"IC2, IC3, IC6, IC7";"Generic 16-pin DIP";"";"";"";"";"";"";"";"";"";"";"";"";"";"";
"1";"";"DO41.3";"DO41-3";"D2";"1N400x, 1N5817";"";"";"";"";"";"";"";"";"";"";"";"";"";"";
"4";"";"LEDCHIPLED_1206";"CHIPLED_1206";"LED1, LED2, LED3, LED4";"LED";"";"";"";"";"";"";"";"";"";"";"28";"";"";"";
"4";"100R";"R-US_R0805";"R0805";"R1, R21, R33, R53";"RESISTOR, American symbol";"";"";"";"";"";"";"";"";"";"";"";"";"R";"";
"3";"100k";"R-US_R0805";"R0805";"R22, R29, R54";"RESISTOR, American symbol";"";"";"";"";"";"";"";"";"";"";"";"";"R";"";
"24";"100n";"C-EUC0805";"C0805";"C1, C3, C5, C6, C8, C9, C12, C14, C15, C18, C19, C23, C37, C39, C41, C42, C44, C45, C48, C50, C51, C54, C55, C59";"CAPACITOR, European symbol";"";"";"";"";"";"";"";"";"";"";"";"";"C";"";
"2";"100u";"CPOL-USE2.5-6";"E2,5-6";"C29, C31";"POLARIZED CAPACITOR, American symbol";"";"";"";"";"";"";"";"";"";"";"";"";"C";"";
"27";"10k";"R-US_R0805";"R0805";"R3, R5, R9, R11, R13, R14, R15, R18, R19, R20, R24, R25, R26, R32, R35, R37, R41, R43, R45, R46, R47, R50, R51, R52, R56, R63, R65";"RESISTOR, American symbol";"";"";"";"";"";"";"";"";"";"";"";"";"R";"";
"6";"10n";"C-EUC0805";"C0805";"C10, C11, C21, C46, C47, C57";"CAPACITOR, European symbol";"";"";"";"";"";"";"";"";"";"";"";"";"C";"";
"7";"10u";"C-EUC0805";"C0805";"C24, C26, C28, C60, C62, C64, C70";"CAPACITOR, European symbol";"";"";"";"";"";"";"";"";"";"";"";"";"C";"";
"1";"10u";"CPOL-USE2.5-6";"E2,5-6";"C30";"POLARIZED CAPACITOR, American symbol";"";"";"";"";"";"";"";"";"";"";"";"";"C";"";
"11";"15k";"R-US_R0805";"R0805";"R6, R7, R8, R12, R28, R31, R38, R39, R40, R44, R58";"RESISTOR, American symbol";"";"";"";"";"";"";"";"";"";"";"";"";"R";"";
"2";"15n";"C-EUC0805";"C0805";"C2, C38";"CAPACITOR, European symbol";"";"";"";"";"";"";"";"";"";"";"";"";"C";"";
"1";"18k";"R-US_R0805";"R0805";"R61";"RESISTOR, American symbol";"";"";"";"";"";"";"";"";"";"";"";"";"R";"";
"2";"1M";"R-US_R0805";"R0805";"R2, R34";"RESISTOR, American symbol";"";"";"";"";"";"";"";"";"";"";"";"";"R";"";
"2";"1N4148W-13-F";"1N4148W-13-F";"SOD3716X145N";"D3, D4";"Diode Switching 100V 0.15A 2Pin SOD123 Diodes Inc 1N4148W-13-F Switching Diode, 300mA 100V, 2-Pin SOD-123";"Diode Switching 100V 0.15A 2Pin SOD123 Diodes Inc 1N4148W-13-F Switching Diode, 300mA 100V, 2-Pin SOD-123";"1.45mm";"Diodes Inc.";"1N4148W-13-F";"";"621-1N4148W-13-F";"https://www.mouser.co.uk/ProductDetail/Diodes-Incorporated/1N4148W-13-F?qs=rGAXPo9uwV24ebUy2vYvsA%3D%3D";"";"";"";"";"";"";"";
"4";"1n";"C-EUC0805";"C0805";"C17, C27, C53, C63";"CAPACITOR, European symbol";"";"";"";"";"";"";"";"";"";"";"";"";"C";"";
"11";"1u";"C-EUC0805";"C0805";"C16, C20, C32, C33, C34, C52, C56, C66, C67, C68, C71";"CAPACITOR, European symbol";"";"";"";"";"";"";"";"";"";"";"";"";"C";"";
"2";"22k";"R-US_R0805";"R0805";"R17, R49";"RESISTOR, American symbol";"";"";"";"";"";"";"";"";"";"";"";"";"R";"";
"2";"2M2";"R-US_R0805";"R0805";"R27, R57";"RESISTOR, American symbol";"";"";"";"";"";"";"";"";"";"";"";"";"R";"";
"4";"2n2";"C-EUC0805";"C0805";"C7, C22, C43, C58";"CAPACITOR, European symbol";"";"";"";"";"";"";"";"";"";"";"";"";"C";"";
"1";"3k9";"R-US_R0805";"R0805";"R36";"RESISTOR, American symbol";"";"";"";"";"";"";"";"";"";"";"";"";"R";"";
"6";"470n";"C-EUC0805";"C0805";"C35, C36, C65, C69, C72, C73";"CAPACITOR, European symbol";"";"";"";"";"";"";"";"";"";"";"";"";"C";"";
"2";"47k";"R-US_R0805";"R0805";"R62, R64";"RESISTOR, American symbol";"";"";"";"";"";"";"";"";"";"";"";"";"R";"";
"2";"47n";"C-EUC0805";"C0805";"C25, C61";"CAPACITOR, European symbol";"";"";"";"";"";"";"";"";"";"";"";"";"C";"";
"4";"47u";"C-EUC0805";"C0805";"C4, C13, C40, C49";"CAPACITOR, European symbol";"";"";"";"";"";"";"";"";"";"";"";"";"C";"";
"3";"4k7";"R-US_R0805";"R0805";"R4, R16, R48";"RESISTOR, American symbol";"";"";"";"";"";"";"";"";"";"";"";"";"R";"";
"1";"50kB";"DUALGANG.2";"16MM_DUALGANG";"MIX";"Dual-Gan Potentiometers";"";"";"";"";"";"";"";"";"";"";"";"";"";"";
"2";"680k";"R-US_R0805";"R0805";"R30, R60";"RESISTOR, American symbol";"";"";"";"";"";"";"";"";"";"";"";"";"R";"";
"5";"68k";"R-US_R0805";"R0805";"R59, R66, R67, R68, R69";"RESISTOR, American symbol";"";"";"";"";"";"";"";"";"";"";"";"";"R";"";
"3";"8k2";"R-US_R0805";"R0805";"R10, R42, R55";"RESISTOR, American symbol";"";"";"";"";"";"";"";"";"";"";"";"";"R";"";
"2";"BC849";"TRANS_NPN-MMBT2222AL";"SOT23-3";"Q1, Q2";"NPN transistor";"";"";"";"";"";"";"";"";"";"";"";"TRANS-08049";"";"600mA/40V";
"1";"LED.3";"LED.3";"3MM_2";"D1";"LEDs, all sizes";"";"";"";"";"";"";"";"";"";"";"";"";"";"";
"1";"LM78M05CDTX_NOPB";"LM78M05CDTX_NOPB";"LM78M05CDTXNOPB";"IC8";"Series 3-Terminal 500-mA Positive Voltage Regulators";"Series 3-Terminal 500-mA Positive Voltage Regulators";"2.55mm";"Texas Instruments";"LM78M05CDTX/NOPB";"";"926-LM78M05CDTX/NOPB";"https://www.mouser.co.uk/ProductDetail/Texas-Instruments/LM78M05CDTX-NOPB?qs=QbsRYf82W3EiU0JYWOMfbg%3D%3D";"";"";"";"";"";"";"";
"15";"LSP10";"LSP10";"LSP10";"+9V, GND, GND_IN, GND_OUT, INL, INR, L, LED, OUTL, OUTR, R, R_SRC, SW, SWB_1, SWB_2";"SOLDER PAD drill 1.0 mm, distributor Buerklin, 12H555";"";"";"";"";"";"";"";"";"";"";"";"";"";"";
"2";"NA";"NA";"NA";"K1, K2";"RELAY";"";"";"";"";"";"";"";"";"unknown";"unknown";"";"";"";"";
"1";"RLED";"R-US_R0805";"R0805";"R23";"RESISTOR, American symbol";"";"";"";"";"";"";"";"";"";"";"";"";"R";"";
"2";"TL072D";"TL072D";"SO08";"IC1, IC5";"OP AMP";"";"";"";"";"";"";"";"";"";"";"";"";"";"";
